,room,count,perc
0,Entire home/apt,14379,0.6280410569993449
1,Private room,8116,0.3544878794496615
2,Shared room,400,0.017471063550993666
